Date,Oil rate,Water rate,Gas rate,THP,BHP,GL,ESP
9/6/2014,1008,167,0,741,0,0,49
9/7/2014,1423,99,0,444,1615,0,49
9/8/2014,1460,79,0,453,1615,0,49
9/9/2014,1074,0,0,425,1659,0,49
9/10/2014,1352,9,0,424,1635,0,49
9/11/2014,1343,5,0,443,1637,0,49
9/12/2014,1492,2,0,371,1623,0,49
9/13/2014,1139,0,0,490,1646,0,49
9/14/2014,1358,0,0,472,1648,0,49
9/15/2014,1393,1,0,449,1640,0,49
9/16/2014,1412,0,0,463,1640,0,49
9/17/2014,1394,0,0,463,1640,0,49
9/18/2014,165,0,0,463,1640,0,49
9/19/2014,403,0,0,480,1664,0,49
9/20/2014,1159,2,0,480,1665,0,49
9/21/2014,1397,0,0,466,1663,0,49
9/22/2014,1484,0,0,467,1664,0,49
9/23/2014,1450,0,0,470,1666,0,49
9/24/2014,1423,0,0,467,1666,0,49
9/25/2014,1497,0,0,469,1667,0,49
9/26/2014,1364,0,0,470,1667,0,49
9/27/2014,1396,0,0,479,1669,0,49
9/28/2014,1348,0,0,482,1669,0,49
9/29/2014,1154,1,0,482,1668,0,49
9/30/2014,1397,27,0,465,1669,0,49
10/1/2014,1343,3,0,457,1668,0,49
10/2/2014,1334,7,0,478,1668,0,49
10/3/2014,1375,6,0,451,1666,0,49
10/4/2014,1412,1,0,481,1668,0,49
10/5/2014,1254,2,0,501,1672,0,49
10/6/2014,1450,1,0,415,1672,0,49
10/7/2014,1485,1,0,415,1667,0,49
10/8/2014,1464,1,0,415,1667,0,49
10/9/2014,1448,18,0,454,1667,0,49
10/10/2014,1405,42,0,454,1668,0,49
10/11/2014,1357,33,0,471,1671,0,49
10/12/2014,1433,58,0,437,1672,0,49
10/13/2014,1347,43,0,444,1674,0,49
10/14/2014,1388,51,0,483,1675,0,49
10/15/2014,1114,47,0,439,1698,0,49
10/16/2014,904,101,0,397,1672,0,49
10/17/2014,1309,128,0,397,1672,0,49
10/18/2014,1413,98,0,390,1658,0,49
10/19/2014,1433,95,0,386,1658,0,49
10/20/2014,1195,108,0,387,1657,0,49
10/21/2014,1367,106,0,383,1657,0,49
10/22/2014,1424,88,0,393,1657,0,49
10/23/2014,1363,115,0,383,1654,0,49
10/24/2014,1212,117,0,386,1660,0,49
10/25/2014,1289,118,0,386,1660,0,49
10/26/2014,1127,121,0,433,1667,0,49
10/27/2014,1197,135,0,421,1666,0,49
10/28/2014,1064,134,0,424,1667,0,49
10/29/2014,1084,141,0,400,1663,0,49
10/30/2014,1072,152,0,433,1669,0,49
10/31/2014,1041,150,0,428,1669,0,49
11/1/2014,1190,149,43,428,1669,0,49
11/2/2014,1124,165,0,426,1670,0,49
11/3/2014,1097,180,0,424,1671,0,49
11/4/2014,1167,191,0,424,1671,0,49
11/5/2014,1140,196,0,429,1672,0,49
11/6/2014,1082,197,0,424,1672,0,49
11/7/2014,1070,210,0,414,1673,0,49
11/8/2014,1173,237,0,429,1676,0,49
11/9/2014,1148,287,0,439,1675,0,49
11/10/2014,1084,237,0,430,1674,0,49
11/11/2014,1038,226,0,427,1676,0,49
11/12/2014,959,216,0,433,1678,0,49
11/13/2014,1167,191,0,424,1671,0,49
11/14/2014,930,218,48,423,1677,0,49
11/15/2014,970,232,49,420,1677,0,49
11/16/2014,1023,254,46,395,1672,0,49
11/17/2014,965,257,48,394,1673,0,49
11/18/2014,946,229,49,395,1674,0,49
11/19/2014,972,233,43,395,1674,0,49
11/20/2014,979,201,43,397,1676,0,49
11/21/2014,989,206,45,395,1677,0,49
11/22/2014,988,206,46,405,1677,0,49
11/23/2014,986,216,45,397,1677,0,49
11/24/2014,995,223,46,395,1676,0,49
11/25/2014,992,216,45,394,1677,0,49
11/26/2014,998,232,47,394,1678,0,49
11/27/2014,1032,240,54,393,1677,0,49
11/28/2014,765,292,46,853,1703,300,49
11/29/2014,986,402,68,613,1675,200,49
11/30/2014,906,379,65,648,1678,200,49
12/1/2014,977,414,0,606,1672,200,49
12/2/2014,1026,356,0,616,1675,140,49
12/3/2014,1230,495,0,414,1643,200,49
12/4/2014,1173,477,0,410,1642,200,49
12/5/2014,1331,578,121,431,1642,200,49
12/6/2014,1276,576,32,410,1640,300,49
12/7/2014,1277,623,30,439,1647,300,49
12/8/2014,1320,494,33,428,1646,300,49
12/9/2014,1363,596,36,433,1648,300,49
12/10/2014,1341,587,45,425,1648,300,49
12/11/2014,1381,637,51,434,1648,300,49
12/12/2014,1255,566,73,445,1651,300,49
12/13/2014,1193,523,108,468,1633,300,49
12/14/2014,1121,506,90,451,1630,300,49
12/15/2014,1213,520,29,412,1625,300,49
12/16/2014,1184,507,35,406,1624,300,49
12/17/2014,996,424,49,405,1625,300,49
12/18/2014,1149,483,11,371,1625,300,49
12/19/2014,1161,505,140,508,1626,300,49
12/20/2014,1251,542,101,419,1618,300,49
12/21/2014,1211,520,50,400,1621,300,49
12/22/2014,1297,556,32,494,1613,300,49
12/23/2014,1204,515,166,501,1617,300,49
12/24/2014,1202,522,88,465,1620,300,49
12/25/2014,1231,534,71,467,1623,300,49
12/26/2014,1079,513,31,465,1623,300,49
12/27/2014,1101,518,25,453,1623,300,49
12/28/2014,1000,475,66,469,1621,300,49
12/29/2014,1082,524,77,493,1619,300,49
12/30/2014,1069,524,129,528,1619,300,49
12/31/2014,1119,557,38,459,1620,300,49
1/1/2015,1070,513,49,438,1624,300,49
1/2/2015,1087,511,0,431,1626,250,49
1/3/2015,1023,534,244,602,1619,300,49
1/4/2015,1009,462,0,414,1635,170,49
1/5/2015,999,526,439,667,1623,300,49
1/6/2015,1016,520,64,478,1624,300,49
1/7/2015,978,527,113,478,1623,300,49
1/8/2015,966,557,124,509,1623,300,49
1/9/2015,997,580,113,518,1620,300,49
1/10/2015,984,574,96,491,1623,300,49
1/11/2015,1022,591,107,501,1625,300,49
1/12/2015,1006,574,0,432,1628,300,49
1/13/2015,1019,596,108,499,1620,300,49
1/14/2015,954,550,33,435,1625,200,49
1/15/2015,926,499,8,396,1630,200,49
1/16/2015,947,570,44,434,1618,200,49
1/17/2015,991,565,168,512,1617,200,49
1/18/2015,990,624,243,536,1615,200,49
1/19/2015,995,659,187,526,1619,200,49
1/20/2015,927,593,381,646,1618,200,49
1/21/2015,1000,617,144,626,1622,200,49
1/22/2015,1007,524,221,523,1621,200,49
1/23/2015,981,556,0,424,1630,150,49
1/24/2015,919,550,771,833,1629,200,49
1/25/2015,917,546,774,809,1635,200,49
1/26/2015,774,483,159,524,1641,200,49
1/27/2015,939,645,233,558,1638,200,49
1/28/2015,867,575,186,535,1643,200,49
1/29/2015,859,580,191,549,1636,200,49
1/30/2015,877,611,247,587,1642,200,49
1/31/2015,895,610,128,506,1640,200,49
2/1/2015,872,594,210,528,1643,200,49
2/2/2015,870,668,188,570,1641,200,49
2/3/2015,829,646,176,556,1642,200,49
2/4/2015,861,604,160,544,1643,200,49
2/5/2015,864,605,140,533,1636,200,49
2/6/2015,857,611,132,524,1638,200,49
2/7/2015,849,614,82,524,1635,200,49
2/8/2015,783,567,0,403,1638,110,49
2/9/2015,875,633,135,536,1635,200,49
2/10/2015,958,706,156,545,1638,200,49
2/11/2015,939,703,159,535,1635,200,49
2/12/2015,936,697,166,557,1640,200,49
2/13/2015,963,717,176,557,1640,200,49
2/14/2015,905,643,159,550,1637,200,49
2/15/2015,907,652,168,558,1634,200,49
2/16/2015,907,648,162,547,1635,200,49
2/17/2015,890,664,202,581,1635,200,49
2/18/2015,865,638,236,589,1634,200,49
2/19/2015,808,588,132,527,1635,20,49
2/20/2015,881,599,142,552,1633,200,49
2/21/2015,844,737,157,543,1633,200,49
2/22/2015,856,640,142,539,1634,200,49
2/23/2015,846,691,147,534,1640,200,49
2/24/2015,860,640,159,677,1638,200,49
2/25/2015,866,963,182,580,1634,200,49
2/26/2015,944,1046,180,574,1644,200,49
2/27/2015,945,1024,180,575,1636,200,49
2/28/2015,921,1011,167,564,1634,200,49
3/1/2015,924,1009,188,580,1636,200,49
3/2/2015,906,787,214,586,1634,200,49
3/3/2015,961,964,208,591,1637,200,49
3/4/2015,986,834,231,582,1636,200,49
3/5/2015,981,835,215,582,1636,200,49
3/6/2015,846,886,189,579,1636,200,49
3/7/2015,854,823,200,588,1637,200,49
3/8/2015,883,821,194,576,1638,200,49
3/9/2015,850,668,189,579,1638,200,49
3/10/2015,847,715,189,571,1637,200,49
3/11/2015,862,730,188,581,1636,200,49
3/12/2015,875,764,161,540,1635,200,49
3/13/2015,852,731,174,561,1636,200,49
3/14/2015,791,730,175,556,1635,200,49
3/15/2015,839,710,163,553,1636,200,49
3/16/2015,858,751,139,542,1635,200,49
3/17/2015,842,737,126,542,1635,200,49
3/18/2015,826,703,82,494,1635,200,49
3/19/2015,886,636,124,525,1637,200,49
3/20/2015,842,608,0,517,1636,20,49
3/21/2015,810,713,112,522,1637,200,49
3/22/2015,841,739,104,516,1636,200,49
3/23/2015,829,730,111,518,1637,200,49
3/24/2015,815,731,109,521,1634,200,49
3/25/2015,810,713,120,524,1635,200,49
3/26/2015,829,751,111,519,1634,200,49
3/27/2015,858,788,111,516,1636,200,49
3/28/2015,841,771,107,521,1636,200,49
3/29/2015,779,718,105,520,1635,200,49
3/30/2015,725,644,93,514,1636,200,49
3/31/2015,767,857,140,507,1634,200,49
4/1/2015,825,785,196,536,1635,200,49
4/2/2015,865,916,185,528,1634,200,49
4/3/2015,843,806,191,538,1635,200,49
4/4/2015,818,780,161,532,1634,200,49
4/5/2015,812,777,172,521,1634,200,49
4/6/2015,797,734,175,530,1634,200,49
4/7/2015,835,802,175,518,1633,200,49
4/8/2015,834,942,174,521,1634,200,49
4/9/2015,828,943,173,524,1634,200,49
4/10/2015,816,927,185,529,1635,200,49
4/11/2015,794,911,178,521,1634,200,49
4/12/2015,798,919,178,524,1635,200,49
4/13/2015,796,922,190,513,1633,200,49
4/14/2015,790,921,187,514,1634,200,49
4/15/2015,789,912,179,524,1635,200,49
4/16/2015,864,985,100,419,1637,200,49
4/17/2015,762,944,124,494,1635,200,49
4/18/2015,802,973,539,558,1649,200,49
4/19/2015,776,949,151,478,1651,200,49
4/20/2015,793,965,159,465,1646,200,49
4/21/2015,791,969,167,488,1649,200,49
4/22/2015,432,527,155,488,1649,200,49
4/23/2015,235,289,51,488,1649,200,49
4/24/2015,410,580,342,362,1732,200,49
4/25/2015,363,469,178,271,1749,200,49
4/26/2015,409,473,0,327,1749,800,49
4/27/2015,375,406,0,332,1756,800,49
4/28/2015,94,104,0,332,1756,800,49
4/29/2015,434,622,40,404,1774,800,49
4/30/2015,484,723,86,432,1726,800,49
5/1/2015,582,768,8,445,1707,800,49
5/2/2015,854,1096,37,476,1650,400,49
5/3/2015,855,1083,23,504,1641,400,49
5/4/2015,840,1095,15,500,1642,400,49
5/5/2015,870,1102,31,507,1642,400,49
5/6/2015,852,1094,37,509,1640,400,49
5/7/2015,897,1137,211,495,1621,400,49
5/8/2015,827,1038,35,415,1626,400,49
5/9/2015,860,1183,39,425,1625,400,49
5/10/2015,886,1121,17,419,1624,400,49
5/11/2015,869,1127,0,408,1624,400,49
5/12/2015,862,1123,0,408,1625,400,49
5/13/2015,842,1105,0,413,1622,400,49
5/14/2015,844,1107,0,416,1624,400,49
5/15/2015,873,1145,0,417,1625,400,49
5/16/2015,866,1143,0,396,1627,400,49
5/17/2015,859,1144,0,400,1626,400,49
5/18/2015,857,1143,0,388,1626,400,49
5/19/2015,827,1193,0,407,1626,400,49
5/20/2015,877,1191,0,379,1626,400,49
5/21/2015,851,1156,0,379,1626,400,49
5/22/2015,867,1177,0,379,1626,400,49
5/23/2015,852,1202,0,379,1626,400,49
5/24/2015,843,1258,0,379,1626,400,49
5/25/2015,850,1127,0,379,1626,400,49
5/26/2015,566,774,0,379,1626,400,49
5/27/2015,778,1110,0,440,1640,400,49
5/28/2015,759,1096,0,437,1638,500,49
5/29/2015,703,1020,0,438,1643,400,49
5/30/2015,721,1065,0,431,1642,400,49
5/31/2015,752,1094,60,511,1638,400,49
6/1/2015,712,872,0,414,1641,400,49
6/2/2015,696,1082,0,417,1642,400,49
6/3/2015,689,1070,0,417,1643,400,49
6/4/2015,910,1043,15,455,1635,400,49
6/5/2015,835,1027,74,510,1626,400,49
6/6/2015,882,1024,0,441,1637,400,49
6/7/2015,859,1173,0,472,1629,400,49
6/8/2015,735,1127,0,381,1636,400,49
6/9/2015,740,1099,0,381,1636,400,49
6/10/2015,782,1187,0,381,1636,400,49
6/11/2015,779,1082,0,381,1636,360,49
6/12/2015,687,1015,42,430,1650,400,49
6/13/2015,715,1272,47,430,1650,400,49
6/14/2015,768,1221,52,430,1650,400,49
6/15/2015,706,1089,0,555,1639,400,49
6/16/2015,687,1064,0,462,1640,360,49
6/17/2015,741,897,0,451,1642,400,49
6/18/2015,683,1053,0,449,1641,340,49
6/19/2015,662,1029,0,459,1641,370,49
6/20/2015,666,1034,0,460,1642,340,49
6/21/2015,661,1034,0,470,1643,340,49
6/22/2015,674,1054,0,456,1643,340,49
6/23/2015,668,1114,0,417,1643,380,49
6/24/2015,674,1099,0,622,1643,400,49
6/25/2015,659,1141,0,421,1641,300,49
6/26/2015,671,1066,56,566,1649,250,49
6/27/2015,643,1013,47,579,1652,250,49
6/28/2015,635,997,47,591,1654,250,49
6/29/2015,715,883,55,571,1652,250,49
6/30/2015,285,486,25,533,1666,250,49
7/1/2015,638,1063,56,533,1666,250,49
7/2/2015,162,244,10,533,1666,250,49
7/3/2015,294,502,0,533,1666,250,49
7/4/2015,621,929,66,533,1666,250,49
7/5/2015,641,1094,38,567,1655,250,49
7/6/2015,620,1058,38,567,1655,250,49
7/7/2015,585,867,38,579,1656,250,49
7/8/2015,633,1071,42,577,1655,250,49
7/9/2015,607,943,36,577,1655,250,49
7/10/2015,561,876,19,586,1656,250,49
7/11/2015,602,953,0,548,1657,250,49
7/12/2015,650,1024,0,548,1657,250,49
7/13/2015,644,1067,28,578,1656,250,49
7/14/2015,328,664,0,498,1714,500,49
7/15/2015,660,1123,29,525,1656,250,49
7/16/2015,438,768,13,509,1664,250,49
7/17/2015,647,1122,27,522,1653,250,49
7/18/2015,653,1128,25,531,1650,250,49
7/19/2015,644,1115,24,531,1650,250,49
7/20/2015,649,1098,23,541,1651,250,49
7/21/2015,633,1074,17,548,1654,250,49
7/22/2015,626,916,17,548,1654,250,49
7/23/2015,630,949,9,535,1655,250,49
7/24/2015,635,1125,9,538,1653,250,49
7/25/2015,632,908,24,555,1654,250,49
7/26/2015,628,897,17,537,1653,250,49
7/27/2015,636,918,9,541,1653,250,49
7/28/2015,627,896,9,541,1653,250,49
7/29/2015,637,838,9,541,1653,250,49
7/30/2015,626,749,0,580,1650,250,49
7/31/2015,356,588,0,495,1719,500,49
8/1/2015,353,633,0,495,1719,500,49
8/2/2015,550,801,0,437,1683,840,49
8/3/2015,550,815,0,397,1683,840,49
8/4/2015,601,908,0,367,1673,1000,49
8/5/2015,602,906,0,367,1673,1000,49
8/6/2015,605,899,0,367,1673,1000,49
8/7/2015,624,1013,0,411,1671,1000,49
8/8/2015,636,972,0,405,1667,1000,49
8/9/2015,585,895,0,426,1686,1000,49
8/10/2015,591,872,0,396,1674,1000,49
8/11/2015,552,839,0,412,1677,1000,49
8/12/2015,606,890,0,427,1673,1000,49
8/13/2015,597,903,0,412,1676,1000,49
8/14/2015,614,986,0,424,1676,1000,49
8/15/2015,604,913,0,424,1676,1000,49
8/16/2015,628,904,0,434,1670,1000,49
8/17/2015,630,882,0,434,1670,1000,49
8/18/2015,613,888,0,421,1671,1000,49
8/19/2015,647,996,0,359,1666,1000,49
8/20/2015,635,1055,0,362,1665,1000,49
8/21/2015,637,1063,0,362,1665,1000,49
8/22/2015,639,1081,0,366,1667,1000,49
8/23/2015,616,1043,0,366,1667,1000,49
8/24/2015,507,1257,0,367,1665,1000,49
8/25/2015,557,1255,0,353,1655,1000,49
8/26/2015,591,1196,0,356,1665,1000,49
8/27/2015,611,1255,0,364,1666,1000,49
8/28/2015,621,1277,0,364,1666,1000,49
8/29/2015,592,1210,0,368,1670,1000,49
8/30/2015,578,1174,0,346,1681,1000,49
8/31/2015,590,1261,0,346,1681,1000,49
9/1/2015,719,975,0,362,1659,1000,49
9/2/2015,579,1190,0,351,1662,1000,49
9/3/2015,556,1141,0,339,1659,1000,49
9/4/2015,554,1163,0,347,1666,1000,49
9/5/2015,549,1146,0,362,1656,1000,49
9/6/2015,551,1149,0,360,1662,1000,49
9/7/2015,564,1170,0,360,1662,1000,49
9/8/2015,546,1173,0,320,1660,1000,49
9/9/2015,626,1110,0,352,1664,1000,49
9/10/2015,636,1058,0,351,1665,1000,49
9/11/2015,642,1056,0,369,1665,1000,49
9/12/2015,621,1102,0,364,1665,1000,49
9/13/2015,615,1093,0,364,1665,1000,49
9/14/2015,646,1097,0,348,1665,1000,49
9/15/2015,646,1097,0,348,1665,1000,49
9/16/2015,625,1107,0,357,1665,1000,49
9/17/2015,622,1110,0,357,1665,1000,49
9/18/2015,589,1051,0,346,1663,1000,49
9/19/2015,583,1039,0,346,1663,1000,49
9/20/2015,566,1011,0,356,1673,1000,49
9/21/2015,589,1042,0,352,1670,1000,49
9/22/2015,573,1022,0,365,1667,1000,49
9/23/2015,582,1039,0,365,1667,1000,49
9/24/2015,591,1028,0,358,1673,1000,49
9/25/2015,591,1025,0,339,1656,1000,49
9/26/2015,288,501,0,339,1656,1000,49
9/27/2015,0,0,0,305,1733,0,49
9/28/2015,203,434,0,329,1692,1000,49
9/29/2015,298,663,0,329,1692,1000,49
9/30/2015,502,907,0,337,1687,1000,49
10/1/2015,475,983,0,348,1685,1200,49
10/2/2015,477,947,0,348,1685,1200,49
10/3/2015,558,1107,0,340,1680,1200,49
10/4/2015,515,1071,0,316,1683,1200,49
10/5/2015,546,1072,0,332,1683,1200,49
10/6/2015,545,1035,0,333,1679,1200,49
10/7/2015,489,875,0,328,1677,1200,49
10/8/2015,559,982,0,328,1677,1200,49
10/9/2015,550,947,0,343,1681,1200,49
10/10/2015,547,949,0,343,1681,1200,49
10/11/2015,549,983,0,351,1680,1200,49
10/12/2015,556,1011,0,336,1680,1200,49
10/13/2015,566,1008,0,336,1680,1200,49
10/14/2015,572,1041,0,346,1679,1200,0
10/15/2015,577,1090,0,351,1678,1200,0
10/16/2015,576,1189,0,351,1678,1200,0
10/17/2015,564,1120,0,344,1679,1200,0
10/18/2015,535,1125,0,283,1675,1200,0
10/19/2015,547,1125,0,283,1675,1200,0
10/20/2015,578,1100,0,347,1675,1200,0
10/21/2015,567,1128,0,347,1675,1200,0
10/22/2015,556,1095,0,347,1675,1200,0
10/23/2015,550,1078,0,347,1675,1200,0
10/24/2015,538,1077,0,337,1681,1200,0
10/25/2015,570,1240,0,337,1681,1200,0
10/26/2015,617,1231,0,347,1679,1200,0
10/27/2015,614,1208,0,347,1679,1200,0
10/28/2015,625,1204,0,347,1679,1200,0
10/29/2015,565,1169,0,340,1670,1200,0
10/30/2015,578,1046,0,336,1668,1200,0
10/31/2015,574,1022,0,336,1668,1200,0
11/1/2015,607,982,0,338,1671,1200,0
11/2/2015,613,991,0,338,1671,1200,0
11/3/2015,554,1046,0,353,1677,1200,0
11/4/2015,594,1018,0,321,1680,1200,0
11/5/2015,604,1035,0,321,1680,1200,0
11/6/2015,595,1136,0,340,1678,1200,0
11/7/2015,609,1161,0,340,1678,1200,0
11/8/2015,594,1084,0,340,1677,1200,0
11/9/2015,570,1073,0,340,1677,1200,0
11/10/2015,463,941,0,352,1678,1200,0
11/11/2015,553,1058,0,334,1677,1200,0
11/12/2015,487,1084,0,346,1678,1200,0
11/13/2015,484,1077,0,346,1678,1200,0
11/14/2015,511,1102,0,344,1677,1200,0
11/15/2015,515,1183,0,335,1677,1200,0
11/16/2015,512,1083,0,335,1677,1200,0
11/17/2015,513,1091,0,335,1677,1200,0
11/18/2015,485,1030,0,335,1677,1200,0
11/19/2015,509,1081,0,335,1677,1200,0
11/20/2015,489,1092,0,346,1680,1200,0
11/21/2015,498,1059,0,345,1681,1200,0
11/22/2015,453,1058,0,331,1679,1200,0
11/23/2015,458,1069,0,344,1679,1200,0
11/24/2015,458,1070,0,344,1679,1200,0
11/25/2015,477,1043,0,343,1680,1200,0
11/26/2015,474,1055,0,344,1677,1200,0
11/27/2015,476,1062,0,316,1680,1200,0
11/28/2015,445,1078,0,344,1675,1200,0
11/29/2015,445,1079,0,344,1675,1200,0
11/30/2015,431,1069,0,333,1680,1200,0
12/1/2015,435,974,0,333,1680,1200,0
12/2/2015,424,928,0,333,1680,1200,0
12/3/2015,415,927,0,333,1680,1200,0
12/4/2015,450,910,0,331,1680,1200,0
12/5/2015,458,909,0,331,1680,1200,0
12/6/2015,443,921,0,329,1678,1200,0
12/7/2015,469,963,0,329,1678,1200,0
12/8/2015,517,1080,0,325,1663,1200,0
12/9/2015,494,1076,0,325,1663,1200,0
12/10/2015,498,1085,0,325,1663,1200,0
12/11/2015,404,873,0,325,1663,1200,0
12/12/2015,384,788,0,336,1680,1200,0
12/13/2015,365,791,0,326,1679,1200,0
12/14/2015,338,793,0,326,1679,1200,0
12/15/2015,390,775,0,341,1680,1200,0
12/16/2015,309,854,0,332,1680,1200,0
12/17/2015,331,833,0,332,1680,1200,0
12/18/2015,360,779,0,339,1681,1200,0
12/19/2015,395,924,0,339,1681,1200,0
12/20/2015,419,888,0,336,1679,1200,0
12/21/2015,449,871,0,336,1680,1200,0
12/22/2015,453,808,0,336,1680,1200,0
12/23/2015,411,845,0,318,1681,1200,0
12/24/2015,407,835,0,318,1681,1200,0
12/25/2015,398,801,0,322,1681,1200,0
12/26/2015,406,815,0,322,1681,1200,0
12/27/2015,384,871,0,318,1680,1200,0
12/28/2015,385,872,0,318,1680,1200,0
12/29/2015,411,772,0,318,1679,1200,0
12/30/2015,404,759,0,318,1679,1200,0
12/31/2015,386,795,0,326,1681,1200,0
1/1/2016,390,802,0,326,1681,1200,0
1/2/2016,389,800,0,326,1681,1200,0
1/3/2016,369,877,0,324,1680,1200,0
1/4/2016,366,870,0,324,1977,1200,0
1/5/2016,408,972,0,366,1676,1600,0
1/6/2016,380,1053,0,378,1675,1600,0
1/7/2016,500,1011,0,382,1676,1600,0
1/8/2016,509,1025,0,382,1676,1600,0
1/9/2016,512,1022,0,382,1676,1600,0
1/10/2016,375,1170,0,377,1675,1600,0
1/11/2016,378,1179,0,377,1675,1600,0
1/12/2016,349,1257,0,386,1675,1600,0
1/13/2016,326,1243,0,284,1690,1600,0
1/14/2016,296,1387,0,332,1677,1600,0
1/15/2016,371,1311,0,315,1674,1600,0
1/16/2016,376,1326,0,326,1675,1600,0
1/17/2016,367,1290,0,304,1673,1600,0
1/18/2016,389,1293,0,321,1673,1600,0
1/19/2016,392,1304,0,304,1672,1600,0
1/20/2016,352,1314,0,327,1673,2120,0
1/21/2016,349,1303,0,304,1672,2120,0
1/22/2016,339,1298,0,323,1673,2120,0
1/23/2016,333,1277,0,303,1672,2120,0
1/24/2016,274,1356,0,322,1672,2120,0
1/25/2016,273,1351,0,299,1671,2120,0
1/26/2016,232,1388,0,313,1672,2100,0
1/27/2016,235,1413,0,295,1671,2100,0
1/28/2016,375,1624,0,339,1682,1160,0
1/29/2016,566,1675,0,327,1682,1110,0
1/30/2016,561,1694,0,315,1681,1110,0
1/31/2016,109,1499,0,319,1681,1110,0
2/1/2016,444,1086,0,306,1681,1110,0
2/2/2016,386,945,0,324,1681,960,0
2/3/2016,381,933,0,310,1681,960,0
2/4/2016,385,941,0,321,1681,960,0
2/5/2016,379,927,0,309,1681,960,0
2/6/2016,366,897,0,318,1569,960,0
2/7/2016,376,920,0,341,1687,960,0
2/8/2016,376,920,0,332,1686,960,0
2/9/2016,379,928,0,338,1687,960,0
2/10/2016,376,921,0,340,1686,960,0
2/11/2016,376,920,0,339,1685,960,0
2/12/2016,374,915,0,330,1684,960,0
2/13/2016,376,919,0,338,1685,960,0
2/14/2016,382,935,0,332,1684,960,0
2/15/2016,390,954,0,340,1685,960,0
2/16/2016,392,960,0,346,1685,960,0
2/17/2016,392,960,0,334,1686,960,0
2/18/2016,395,966,0,337,1688,960,0
2/19/2016,387,946,0,335,1688,960,0
2/20/2016,379,926,0,333,1688,960,0
2/21/2016,382,935,0,328,1687,960,0
2/22/2016,350,857,0,533,1709,960,0
2/23/2016,347,849,0,469,1696,960,0
2/24/2016,350,813,0,458,1696,960,0
2/25/2016,340,775,0,444,1698,1120,0
2/26/2016,338,768,0,427,1702,1120,0
2/27/2016,346,813,0,427,1704,960,0
2/28/2016,350,776,0,436,1705,960,0
2/29/2016,352,769,0,438,1696,960,0
3/1/2016,354,781,0,447,1701,1110,0
3/2/2016,350,775,0,419,1706,1110,0
3/3/2016,352,780,0,421,1704,1110,0
3/4/2016,353,766,0,425,1707,1080,0
3/5/2016,357,774,0,423,1703,1080,0
3/6/2016,335,751,0,429,1699,1150,0
3/7/2016,352,791,0,467,1698,1150,0
3/8/2016,355,787,0,475,1697,1280,0
3/9/2016,338,775,0,434,1701,1280,0
3/10/2016,341,779,0,391,1708,1280,0
3/11/2016,349,795,0,381,1711,1280,0
3/12/2016,350,776,0,390,1710,1280,0
3/13/2016,348,773,0,398,1711,1050,0
3/14/2016,345,784,0,409,1710,1050,0
3/15/2016,353,769,0,471,1714,1050,0
3/16/2016,349,793,0,533,1718,1050,0
3/17/2016,340,778,0,375,1699,1210,0
3/18/2016,339,777,0,356,1703,1210,0
3/19/2016,342,780,0,374,1700,1180,0
3/20/2016,345,801,0,352,1703,1180,0
3/21/2016,350,813,0,349,1704,1180,0
3/22/2016,357,823,0,354,1705,1160,0
3/23/2016,353,838,0,356,1705,1150,0
3/24/2016,352,829,0,361,1705,1100,0
3/25/2016,351,840,0,347,1704,1100,0
3/26/2016,348,846,0,361,1705,1100,0
3/27/2016,349,858,0,347,1680,1100,0
3/28/2016,345,835,0,350,1704,1100,0
3/29/2016,342,824,0,344,1703,1100,0
3/30/2016,346,818,0,345,1703,1100,0
3/31/2016,336,804,0,356,1703,1130,0
4/1/2016,326,806,0,348,1703,1130,0
4/2/2016,359,889,0,356,1703,1120,0
4/3/2016,351,821,0,348,1702,1120,0
4/4/2016,332,778,0,347,1703,1080,0
4/5/2016,327,768,0,336,1703,1080,0
4/6/2016,326,762,0,340,1703,1080,0
4/7/2016,328,763,0,329,1702,800,0
4/8/2016,331,766,0,324,1701,800,0
4/9/2016,321,759,0,357,1703,1100,0
4/10/2016,313,734,0,335,1701,1100,0
4/11/2016,324,760,0,348,1702,1080,0
4/12/2016,333,776,0,318,1701,1080,0
4/13/2016,332,773,0,0,0,1080,0
4/14/2016,328,764,0,0,0,1080,0
4/15/2016,332,836,0,0,0,1080,0
4/16/2016,333,790,0,347,1702,1090,0
4/17/2016,333,766,0,342,1702,1090,0
4/18/2016,328,805,0,349,1702,1030,0
4/19/2016,326,777,0,342,1702,1030,0
4/20/2016,321,754,0,344,1702,1020,0
4/21/2016,321,752,0,333,1701,1020,0
4/22/2016,317,760,0,347,1701,1020,0
4/23/2016,318,765,0,355,1701,1020,0
4/24/2016,318,803,0,351,1701,1020,0
4/25/2016,315,797,0,322,1699,1020,0
4/26/2016,320,766,0,320,1699,1020,0
4/27/2016,316,758,0,321,1699,1020,0
4/28/2016,314,759,0,320,1699,1020,0
4/29/2016,316,763,0,320,1699,1020,0
4/30/2016,315,761,0,318,1699,1020,0
5/1/2016,314,732,0,316,1699,1020,0
5/2/2016,313,730,0,316,1699,1020,0
5/3/2016,315,735,0,321,1699,1020,0
5/4/2016,315,736,0,322,1699,1020,0
5/5/2016,315,734,0,320,1698,1020,0
5/6/2016,304,710,0,318,1673,1020,0
5/7/2016,337,787,0,379,1681,0,0
5/8/2016,333,776,0,565,1675,200,0
5/9/2016,300,829,0,504,1684,200,0
5/10/2016,297,820,0,338,1693,200,0
5/11/2016,302,833,0,343,1685,200,0
5/12/2016,296,816,0,348,1685,0,0
5/13/2016,291,802,0,349,1687,0,0
5/14/2016,284,783,0,353,1687,0,0
5/15/2016,282,779,0,354,1687,0,0
5/16/2016,285,788,0,355,1687,0,0
5/17/2016,285,786,0,354,1686,0,0
5/18/2016,285,786,0,356,1687,0,0
5/19/2016,289,798,0,355,1686,0,0
5/20/2016,294,810,0,353,1686,0,0
5/21/2016,292,804,0,352,1686,0,0
5/22/2016,279,770,0,0,0,0,0
5/23/2016,288,795,0,0,0,0,0
5/24/2016,282,778,0,0,0,0,0
5/25/2016,284,785,0,330,1700,0,0
5/26/2016,290,799,0,335,1702,10,0
5/27/2016,293,808,0,340,1703,10,0
5/28/2016,295,814,0,343,1703,0,0
5/29/2016,296,817,0,343,1702,0,0
5/30/2016,299,826,0,345,1703,0,0
5/31/2016,300,827,0,343,1702,0,0
6/1/2016,299,826,0,344,1702,0,0
6/2/2016,297,819,0,343,1702,0,0
6/3/2016,296,816,0,345,1702,0,0
6/4/2016,295,815,0,344,1702,0,0
6/5/2016,295,815,0,346,1702,0,0
6/6/2016,298,821,0,345,1702,0,0
6/7/2016,294,812,0,347,1702,0,0
6/8/2016,294,812,0,346,1702,0,0
6/9/2016,295,815,0,348,1702,0,0
6/10/2016,296,817,0,347,1702,0,0
6/11/2016,296,817,0,349,1702,0,0
6/12/2016,304,839,0,332,1699,0,0
6/13/2016,292,806,0,346,1702,0,0
6/14/2016,293,808,0,343,1701,0,0
6/15/2016,292,806,0,346,1702,0,0
6/16/2016,282,778,0,347,1702,0,0
6/17/2016,280,772,0,346,1701,0,0
6/18/2016,275,760,0,355,1699,0,0
6/19/2016,281,775,0,355,1689,0,0
6/20/2016,291,802,0,385,1694,0,0
6/21/2016,293,809,0,382,1693,0,0
6/22/2016,283,781,0,382,1693,0,0
6/23/2016,286,788,0,382,1693,0,0
6/24/2016,284,783,0,380,1692,0,0
6/25/2016,1,4,0,995,1662,0,0
6/26/2016,29,81,0,993,1753,0,0
6/27/2016,286,790,0,331,1687,0,0
6/28/2016,277,766,0,340,1687,0,0
6/29/2016,283,781,0,363,1690,0,0
6/30/2016,287,791,0,370,1691,0,0
7/1/2016,272,750,0,378,1692,0,0
7/2/2016,277,765,0,382,1693,0,0
7/3/2016,265,732,0,0,0,0,0
7/4/2016,282,777,0,385,1692,0,0
7/5/2016,277,764,0,386,1692,0,0
7/6/2016,279,768,0,387,1692,0,0
7/7/2016,283,782,0,384,1692,0,0
7/8/2016,289,799,0,384,1692,0,0
7/9/2016,286,788,0,385,1692,0,0
7/10/2016,289,797,0,385,1691,0,0
7/11/2016,290,799,0,386,1691,0,0
7/12/2016,287,793,0,388,1691,0,0
7/13/2016,289,799,0,388,1691,0,0
7/14/2016,295,813,0,388,1691,0,0
7/15/2016,286,789,0,390,1691,0,0
7/16/2016,280,771,0,376,1694,0,0
7/17/2016,276,762,0,353,1692,0,0
7/18/2016,284,783,0,347,1689,0,25
7/19/2016,268,740,0,347,1689,0,49
7/20/2016,286,789,0,346,1688,0,49
7/21/2016,270,745,0,354,1689,0,46
7/22/2016,279,769,0,358,1689,0,46
7/23/2016,268,740,0,358,1689,0,48
7/24/2016,266,734,0,358,1689,0,48
7/25/2016,267,736,0,358,1689,0,48
7/26/2016,250,691,0,364,1689,0,48
7/27/2016,255,704,0,364,1689,0,48
7/28/2016,260,717,0,363,1689,0,48
7/29/2016,270,745,0,361,1689,0,48
7/30/2016,274,757,0,358,1688,0,48
7/31/2016,277,763,0,358,1688,0,48
8/1/2016,270,746,0,359,1688,0,48
8/2/2016,272,750,0,361,1688,0,48
8/3/2016,272,751,0,362,1688,0,48
8/4/2016,268,740,0,360,1697,0,48
8/5/2016,170,680,0,360,1715,0,48
8/6/2016,168,674,0,362,1715,0,45
8/7/2016,168,671,0,363,1715,0,45
8/8/2016,167,669,0,364,1715,0,45
8/9/2016,173,690,0,364,1715,0,45
8/10/2016,171,683,0,365,1715,0,45
8/11/2016,171,685,0,366,1716,0,45
8/12/2016,170,678,0,368,1716,0,45
8/13/2016,164,658,0,370,1716,0,45
8/14/2016,165,660,0,370,1716,0,45
8/15/2016,163,653,0,369,1716,0,45
8/16/2016,165,658,0,369,1716,0,45
8/17/2016,168,673,0,370,1717,0,45
8/18/2016,159,638,0,371,1717,0,45
8/19/2016,159,635,0,371,1717,0,45
8/20/2016,160,640,0,371,1717,0,45
8/21/2016,160,640,0,371,1717,0,45
8/22/2016,162,650,0,371,1717,0,45
8/23/2016,163,651,0,376,1718,0,45
8/24/2016,163,651,0,376,1718,0,45
8/25/2016,164,656,0,376,1718,0,45
8/26/2016,162,648,0,371,1717,0,45
8/27/2016,162,646,0,371,1717,0,45
8/28/2016,163,651,0,369,1716,0,45
8/29/2016,164,658,0,369,1716,0,45
8/30/2016,163,653,0,369,1716,0,46
8/31/2016,159,634,0,369,1717,0,48
9/1/2016,168,672,69,358,1714,0,48
9/2/2016,168,674,64,356,1713,0,48
9/3/2016,168,673,59,364,1715,0,48
9/4/2016,170,680,57,384,1720,0,48
9/5/2016,169,677,57,384,1720,0,48
9/6/2016,162,744,31,386,1720,0,48
9/7/2016,171,685,55,386,1721,0,48
9/8/2016,175,701,54,387,1721,0,48
9/9/2016,165,660,58,387,1721,0,48
9/10/2016,169,675,56,387,1721,0,48
9/11/2016,171,686,57,387,1721,0,48
9/12/2016,170,682,56,388,1721,0,48
9/13/2016,168,673,57,390,1721,0,48
9/14/2016,170,680,57,387,1721,0,48
9/15/2016,170,681,57,387,1721,0,48
9/16/2016,170,680,57,387,1721,0,48
9/17/2016,172,689,57,387,1721,0,48
9/18/2016,166,665,59,386,1721,0,48
9/19/2016,172,689,56,0,0,0,48
9/20/2016,174,801,57,0,0,0,48
9/21/2016,172,793,57,386,1721,0,48
9/22/2016,175,699,57,386,1721,0,48
9/23/2016,175,699,57,386,1721,0,48
9/24/2016,174,695,57,472,1718,0,48
9/25/2016,173,692,57,665,1712,0,48
9/26/2016,173,692,54,645,1712,0,48
9/27/2016,156,1356,94,653,1712,0,48
9/28/2016,156,1360,95,651,1712,0,48
9/29/2016,157,1365,96,653,1713,0,48
9/30/2016,158,1372,93,706,1715,0,48
10/1/2016,158,1378,0,763,1716,150,48
10/2/2016,157,1371,0,765,1716,150,48
10/3/2016,158,1380,0,755,1715,150,48
10/4/2016,160,1394,0,761,1716,150,48
10/5/2016,161,1401,0,767,1716,150,48
10/6/2016,161,1398,0,766,1716,150,48
10/7/2016,161,1405,0,760,1715,150,48
10/8/2016,162,1408,0,752,1714,150,48
10/9/2016,163,1416,0,748,1714,150,48
10/10/2016,162,1413,0,757,1715,300,48
10/11/2016,164,1428,0,752,1714,300,48
10/12/2016,163,1423,0,743,1719,300,48
10/13/2016,163,1419,0,738,1719,300,48
10/14/2016,163,1420,0,734,1719,300,48
10/15/2016,162,1413,0,709,1717,300,48
10/16/2016,163,1421,0,732,1718,300,45
10/17/2016,165,1434,0,737,1718,300,42
10/18/2016,163,1419,0,740,1718,300,42
10/19/2016,164,1431,0,737,1718,300,42
10/20/2016,164,1424,0,738,1718,300,42
10/21/2016,161,1400,0,712,1714,300,42
10/22/2016,160,1393,0,703,1713,300,42
10/23/2016,162,1408,0,708,1713,300,42
10/24/2016,161,1404,0,707,1713,300,42
10/25/2016,164,1426,0,708,1713,300,42
10/26/2016,162,1414,0,703,1713,300,42
10/27/2016,164,1424,0,711,1714,300,42
10/28/2016,163,1424,0,696,1717,300,42
10/29/2016,161,1406,0,731,1721,300,42
10/30/2016,162,1414,0,737,1721,300,42
10/31/2016,162,1412,0,741,1721,300,42
11/1/2016,164,1429,0,741,1721,300,42
11/2/2016,164,1425,0,744,1721,300,42
11/3/2016,164,1425,0,743,1721,300,42
11/4/2016,164,1430,0,751,1721,300,42
11/5/2016,166,1444,0,747,1721,300,42
11/6/2016,166,1445,0,743,1720,300,42
11/7/2016,164,1432,0,746,1720,300,42
11/8/2016,161,1406,0,747,1720,300,42
11/9/2016,161,1400,0,750,1721,300,42
11/10/2016,162,1407,0,747,1720,300,42
11/11/2016,162,1410,0,742,1720,300,42
11/12/2016,161,1402,0,747,1720,300,42
11/13/2016,164,1426,0,748,1720,300,42
11/14/2016,162,1412,0,690,1720,300,42
11/15/2016,153,1260,0,630,1720,300,42
11/16/2016,156,1284,0,746,1720,300,42
11/17/2016,157,1295,0,744,1720,300,42
11/18/2016,157,1295,0,749,1721,300,42
11/19/2016,156,1291,0,749,1721,300,42
11/20/2016,159,1317,0,752,1721,300,42
11/21/2016,160,1323,0,753,1721,300,42
11/22/2016,159,1310,0,754,1721,300,42
11/23/2016,159,1310,0,754,1721,300,42
11/24/2016,162,1336,0,754,1721,300,42
11/25/2016,161,1333,0,754,1721,300,42
11/26/2016,160,1320,0,754,1721,300,42
11/27/2016,159,1315,0,754,1721,300,42
11/28/2016,153,1262,0,754,1721,300,42
11/29/2016,154,1275,0,754,1721,300,42
11/30/2016,156,1289,0,768,1723,300,42
12/1/2016,167,1381,0,762,1722,300,42
12/2/2016,171,1413,0,670,1726,300,42
12/3/2016,171,1413,0,702,1719,300,42
12/4/2016,174,1437,0,708,1719,300,42
12/5/2016,184,1527,0,708,1719,300,42
12/6/2016,183,1518,0,708,1719,300,42
12/7/2016,186,1541,0,708,1719,300,42
12/8/2016,184,1530,0,708,1719,300,42
12/9/2016,180,1495,0,708,1719,300,42
12/10/2016,182,1509,0,708,1719,300,42
12/11/2016,185,1537,0,708,1719,300,42
12/12/2016,184,1522,0,708,1719,300,42
12/13/2016,182,1510,0,716,1720,300,42
12/14/2016,183,1521,0,716,1720,300,42
12/15/2016,183,1519,0,701,1718,300,42
12/16/2016,179,1487,0,701,1718,300,42
12/17/2016,183,1522,0,701,1718,300,42
12/18/2016,180,1492,0,701,1718,300,42
12/19/2016,181,1500,0,701,1718,300,42
12/20/2016,181,1502,0,701,1718,300,42
12/21/2016,181,1503,0,701,1718,300,42
12/22/2016,181,1505,0,701,1718,300,42
12/23/2016,181,1501,0,701,1718,300,42
12/24/2016,181,1499,0,727,1719,300,42
12/25/2016,181,1499,0,726,1719,300,42
12/26/2016,181,1503,0,727,1718,300,42
12/27/2016,180,1490,0,726,1718,300,42
12/28/2016,181,1497,0,725,1718,300,42
12/29/2016,177,1470,0,722,1718,300,42
12/30/2016,176,1458,0,699,1718,300,42
12/31/2016,176,1460,0,723,1718,300,42
1/1/2017,177,1466,0,723,1718,300,42
1/2/2017,178,1479,0,724,1718,300,42
1/3/2017,181,1500,0,724,1718,300,42
1/4/2017,181,1505,0,724,1718,300,42
1/5/2017,182,1509,0,726,1719,300,42
1/6/2017,178,1480,0,725,1718,300,42
1/7/2017,180,1494,0,727,1718,300,42
1/8/2017,180,1492,0,729,1719,300,42
1/9/2017,180,1497,0,725,1718,300,42
1/10/2017,181,1500,0,729,1718,300,42
1/11/2017,179,1487,0,712,1719,300,42
1/12/2017,179,1487,0,680,1722,300,42
1/13/2017,181,1503,0,680,1722,300,42
1/14/2017,181,1504,0,681,1722,200,42
1/15/2017,180,1492,0,685,1722,200,42
1/16/2017,179,1483,0,680,1722,200,42
1/17/2017,178,1475,0,682,1722,200,42
1/18/2017,178,1475,0,680,1722,200,42
1/19/2017,180,1491,0,684,1723,200,42
1/20/2017,181,1499,0,684,1723,200,42
1/21/2017,182,1506,0,686,1723,200,42
1/22/2017,182,1510,0,690,1724,200,42
1/23/2017,181,1500,0,689,1724,200,42
1/24/2017,180,1493,0,691,1724,200,42
1/25/2017,180,1493,0,691,1724,200,42
1/26/2017,180,1494,0,690,1724,200,42
1/27/2017,181,1501,0,690,1724,200,42
1/28/2017,181,1502,0,692,1724,200,42
1/29/2017,182,1510,0,698,1724,200,42
1/30/2017,182,1511,0,697,1724,200,42
1/31/2017,183,1516,0,697,1725,200,42
2/1/2017,183,1514,0,699,1725,200,42
2/2/2017,187,1550,0,699,1725,200,42
2/3/2017,188,1560,0,699,1725,200,42
2/4/2017,188,1555,0,688,1725,200,42
2/5/2017,183,1516,0,673,1724,200,42
2/6/2017,189,1564,0,682,1725,200,42
2/7/2017,192,1591,0,690,1725,200,42
2/8/2017,192,1678,0,692,1725,200,42
2/9/2017,186,1543,0,587,1726,200,42
2/10/2017,188,982,0,346,1729,0,42
2/11/2017,187,951,0,343,1729,0,42
2/12/2017,188,957,0,348,1731,0,42
2/13/2017,189,963,0,345,1729,0,42
2/14/2017,187,952,0,344,1729,0,42
2/15/2017,186,948,0,344,1729,0,42
2/16/2017,188,959,0,345,1730,0,42
2/17/2017,185,943,0,344,1729,0,42
2/18/2017,165,841,0,357,1736,0,42
2/19/2017,145,749,0,354,1739,0,42
2/20/2017,144,743,0,355,1739,0,42
2/21/2017,145,752,0,357,1739,0,42
2/22/2017,145,751,0,356,1739,0,42
2/23/2017,144,747,0,356,1739,0,42
2/24/2017,144,746,0,357,1739,0,42
2/25/2017,144,743,0,355,1739,0,42
2/26/2017,143,740,0,355,1738,0,42
2/27/2017,140,791,0,351,1738,0,42
2/28/2017,140,794,0,351,1738,0,42
3/1/2017,141,797,0,352,1738,0,42
3/2/2017,139,787,0,355,1739,0,42
3/3/2017,139,786,0,355,1738,0,42
3/4/2017,142,746,0,356,1738,0,42
3/5/2017,141,741,0,358,1739,0,42
3/6/2017,140,733,0,359,1740,0,42
3/7/2017,141,738,0,360,1740,0,42
3/8/2017,144,757,0,362,1741,0,42
3/9/2017,144,753,0,359,1740,0,42
3/10/2017,152,741,0,358,1739,0,42
3/11/2017,151,735,0,358,1739,0,42
3/12/2017,149,728,0,362,1740,0,42
3/13/2017,150,734,0,366,1740,0,42
3/14/2017,151,737,0,361,1740,0,42
3/15/2017,152,744,0,362,1740,0,42
3/16/2017,167,710,0,362,1740,0,42
3/17/2017,166,707,0,362,1740,0,42
3/18/2017,162,691,0,360,1739,0,42
3/19/2017,162,690,0,360,1740,0,42
3/20/2017,163,694,0,361,1740,0,42
3/21/2017,167,710,0,362,1740,0,42
3/22/2017,166,710,0,364,1740,0,42
3/23/2017,202,681,0,362,1740,0,42
3/24/2017,203,683,0,366,1741,0,42
3/25/2017,202,679,0,371,1742,0,42
3/26/2017,203,684,0,369,1743,0,42
3/27/2017,202,681,0,367,1741,0,42
3/28/2017,202,681,0,369,1742,0,42
3/29/2017,178,661,0,371,1743,0,42
3/30/2017,178,663,0,368,1742,0,42
3/31/2017,178,662,0,368,1742,0,42
4/1/2017,174,647,0,368,1742,0,42
4/2/2017,177,657,0,368,1742,0,42
4/3/2017,177,660,0,368,1742,0,42
4/4/2017,184,686,0,368,1742,0,42
4/5/2017,130,598,0,372,1743,0,42
4/6/2017,150,693,0,369,1742,0,42
4/7/2017,154,710,0,368,1742,0,42
4/8/2017,160,740,0,369,1742,0,42
4/9/2017,160,739,0,371,1743,0,42
4/10/2017,157,726,0,371,1743,0,42
4/11/2017,150,693,0,371,1743,0,42
4/12/2017,7,34,0,371,1743,0,42
4/13/2017,149,663,0,371,1743,0,42
4/14/2017,145,642,0,368,1741,0,42
4/15/2017,144,639,0,360,1739,0,42
4/16/2017,158,700,0,360,1739,0,42
4/17/2017,146,654,0,362,1740,0,42
4/18/2017,140,759,0,363,1740,0,42
4/19/2017,152,673,0,363,1740,0,42
4/20/2017,151,676,0,364,1740,0,42
4/21/2017,151,678,0,363,1740,0,42
4/22/2017,153,686,0,363,1740,0,42
4/23/2017,165,817,0,364,1740,0,42
4/24/2017,167,825,0,364,1741,0,42
4/25/2017,164,814,0,365,1741,0,42
4/26/2017,161,799,0,365,1741,0,42
4/27/2017,166,821,0,365,1741,0,42
4/28/2017,166,820,0,366,1741,0,42
4/29/2017,154,802,0,367,1741,0,42
4/30/2017,154,800,0,367,1741,0,42
5/1/2017,154,804,0,370,1742,0,42
5/2/2017,157,817,0,370,1742,0,42
5/3/2017,158,821,0,370,1742,0,42
5/4/2017,161,838,0,370,1742,0,42
5/5/2017,157,820,0,370,1742,0,42
5/6/2017,148,836,0,370,1742,0,42
5/7/2017,147,835,0,371,1743,0,42
5/8/2017,148,836,0,371,1743,0,42
5/9/2017,146,825,0,372,1743,0,42
5/10/2017,144,816,0,372,1743,0,42
5/11/2017,155,757,0,372,1743,0,42
5/12/2017,155,759,0,374,1743,0,42
5/13/2017,157,766,0,373,1743,0,42
5/14/2017,153,746,0,373,1743,0,42
5/15/2017,152,743,0,373,1743,0,42
5/16/2017,154,751,0,375,1744,0,42
5/17/2017,154,752,0,375,1744,0,42
5/18/2017,136,761,0,375,1744,0,42
5/19/2017,137,763,0,375,1744,0,42
5/20/2017,137,763,0,376,1744,0,42
5/21/2017,136,761,0,375,1744,0,42
5/22/2017,137,763,0,375,1744,0,42
5/23/2017,138,768,0,376,1744,0,42
5/24/2017,131,767,0,376,1744,0,42
5/25/2017,131,764,0,376,1744,0,42
5/26/2017,128,751,0,377,1744,0,42
5/27/2017,128,747,0,377,1745,0,42
5/28/2017,128,747,0,378,1745,0,42
5/29/2017,128,749,0,378,1745,0,42
5/30/2017,129,756,0,378,1745,0,42
5/31/2017,129,755,0,379,1745,0,42
6/1/2017,128,746,0,379,1745,0,42
6/2/2017,128,746,0,379,1745,0,42
6/3/2017,128,748,0,379,1745,0,42
6/4/2017,127,744,0,380,1746,0,42
6/5/2017,133,734,0,380,1746,0,42
6/6/2017,133,734,0,380,1746,0,42
6/7/2017,132,733,0,380,1746,0,40
6/8/2017,132,731,0,380,1746,0,40
6/9/2017,133,734,0,381,1746,0,40
6/10/2017,133,735,0,381,1746,0,40
6/11/2017,133,734,0,381,1746,0,40
6/12/2017,133,735,0,378,1745,0,40
6/13/2017,133,737,0,378,1745,0,40
6/14/2017,135,749,0,378,1746,0,40
6/15/2017,137,757,0,379,1746,0,40
6/16/2017,134,740,0,380,1746,0,40
6/17/2017,135,750,0,380,1746,0,40
6/18/2017,134,782,0,380,1746,0,40
6/19/2017,133,779,0,379,1745,0,40
6/20/2017,132,771,0,379,1745,0,40
6/21/2017,134,783,0,379,1745,0,40
6/22/2017,134,785,0,379,1745,0,40
6/23/2017,136,798,0,379,1745,0,40
6/24/2017,139,814,0,379,1745,0,40
6/25/2017,139,813,0,378,1745,0,40
6/26/2017,134,786,0,378,1745,0,40
6/27/2017,135,787,0,378,1745,0,40
6/28/2017,135,790,0,378,1745,0,40
6/29/2017,134,785,0,378,1745,0,40
6/30/2017,137,800,0,379,1745,0,40
7/1/2017,135,789,0,378,1745,0,40
7/2/2017,135,789,0,379,1745,0,40
7/3/2017,135,785,0,379,1745,0,40
7/4/2017,133,777,0,379,1745,0,40
7/5/2017,133,780,0,379,1745,0,40
7/6/2017,136,782,0,379,1745,0,40
7/7/2017,136,773,0,379,1746,0,40
7/8/2017,138,789,0,379,1745,0,40
7/9/2017,136,780,0,380,1746,0,40
7/10/2017,138,794,0,380,1746,0,40
7/11/2017,134,768,0,380,1746,0,40
7/12/2017,142,769,0,381,1746,0,40
7/13/2017,142,773,0,380,1746,0,40
7/14/2017,141,768,0,380,1746,0,40
7/15/2017,141,757,0,380,1746,0,40
7/16/2017,144,770,0,380,1746,0,40
7/17/2017,143,771,0,380,1746,0,40
7/18/2017,136,788,0,381,1746,0,40
7/19/2017,137,792,0,382,1746,0,40
7/20/2017,135,779,0,382,1746,0,40
7/21/2017,136,779,0,382,1747,0,40
7/22/2017,136,791,0,383,1747,0,40
7/23/2017,133,776,0,383,1747,0,40
7/24/2017,136,754,0,384,1747,0,40
7/25/2017,139,773,0,385,1747,0,40
7/26/2017,140,775,0,385,1747,0,40
7/27/2017,140,778,0,385,1748,0,40
7/28/2017,139,766,0,385,1748,0,40
7/29/2017,138,763,0,386,1748,0,40
7/30/2017,139,780,0,387,1748,0,40
7/31/2017,137,777,0,387,1748,0,40
8/1/2017,139,807,0,387,1748,0,40
8/2/2017,138,802,0,388,1748,0,40
8/3/2017,137,796,0,388,1748,0,40
8/4/2017,137,799,0,389,1749,0,40
8/5/2017,145,792,0,389,1749,0,40
8/6/2017,145,793,0,389,1749,0,40
8/7/2017,146,783,0,390,1749,0,40
8/8/2017,148,798,0,390,1749,0,40
8/9/2017,147,807,0,390,1750,0,40
8/10/2017,145,791,0,391,1750,0,40
8/11/2017,145,800,0,391,1750,0,40
8/12/2017,146,799,0,391,1750,0,40
8/13/2017,146,769,0,388,1749,0,40
8/14/2017,148,771,0,370,1743,0,40
8/15/2017,148,776,0,343,1735,0,40
8/16/2017,150,782,0,342,1735,0,40
8/17/2017,212,930,0,342,1735,0,40
8/18/2017,211,925,0,344,1735,0,40
8/19/2017,210,933,0,345,1735,0,40
8/20/2017,207,919,0,346,1736,0,40
8/21/2017,212,908,0,347,1736,0,40
8/22/2017,212,895,0,350,1736,0,40
8/23/2017,198,894,0,353,1737,0,40
8/24/2017,194,877,0,355,1738,0,40
8/25/2017,195,910,0,357,1739,0,40
8/26/2017,196,924,0,359,1739,0,40
8/27/2017,195,923,0,361,1740,0,40
8/28/2017,194,927,0,363,1740,0,40
8/29/2017,193,872,0,366,1741,0,40
8/30/2017,190,858,0,369,1742,0,40
8/31/2017,191,860,0,369,1742,0,40
9/1/2017,191,869,0,369,1742,0,40
9/2/2017,193,871,0,371,1743,0,40
9/3/2017,193,898,0,373,1743,0,40
9/4/2017,194,888,0,374,1744,0,40
9/5/2017,196,896,0,374,1744,0,40
9/6/2017,200,884,0,374,1744,0,40
9/7/2017,199,887,0,374,1744,0,40
9/8/2017,199,867,0,375,1744,0,40
9/9/2017,198,864,0,373,1744,0,40
9/10/2017,194,881,0,372,1743,0,40
9/11/2017,191,819,0,365,1741,0,40
9/12/2017,192,857,0,336,1733,0,40
9/13/2017,194,942,0,330,1732,0,40
9/14/2017,199,932,0,329,1731,0,40
9/15/2017,196,927,0,328,1731,0,40
9/16/2017,199,942,0,328,1731,0,40
9/17/2017,198,925,0,328,1731,0,40
9/18/2017,207,963,0,327,1731,0,40
9/19/2017,208,965,0,327,1731,0,40
9/20/2017,206,969,0,327,1731,0,40
9/21/2017,205,974,0,314,1734,0,40
9/22/2017,415,1117,0,312,1702,800,40
9/23/2017,416,1113,0,282,1701,800,40
9/24/2017,415,1111,0,280,1703,800,40
9/25/2017,416,1184,0,282,1700,800,40
9/26/2017,411,1174,0,289,1699,800,40
9/27/2017,445,1202,0,294,1699,800,40
9/28/2017,442,1190,0,295,1697,800,40
9/29/2017,443,1194,0,292,1697,800,40
9/30/2017,435,1237,111,298,1698,800,40
10/1/2017,443,1165,0,306,1698,800,40
10/2/2017,416,1257,0,300,1696,800,40
10/3/2017,424,1200,0,300,1696,800,40
10/4/2017,428,1241,0,299,1695,800,40
10/5/2017,430,1221,0,300,1695,800,40
10/6/2017,430,1240,0,310,1696,800,40
10/7/2017,429,1317,0,302,1694,800,40
10/8/2017,434,1332,0,295,1707,800,40
10/9/2017,368,1068,0,401,1707,800,40
10/10/2017,267,1038,0,467,1717,0,40
10/11/2017,277,1093,0,300,1714,0,40
10/12/2017,223,939,0,293,1714,0,40
10/13/2017,224,1070,0,280,1722,0,40
10/14/2017,238,1130,0,296,1719,0,40
10/15/2017,239,1121,0,297,1718,0,40
10/16/2017,150,704,0,171,1740,0,40
10/17/2017,0,0,0,123,1780,0,40
10/18/2017,0,0,0,101,1822,0,40
10/19/2017,0,0,0,138,1820,0,40
10/20/2017,0,0,0,152,1816,0,40
10/21/2017,0,0,0,137,1809,0,40
10/22/2017,0,0,0,136,1802,0,40
10/23/2017,0,0,0,171,1799,0,40
10/24/2017,0,0,0,182,1797,0,40
10/25/2017,0,0,0,153,1798,0,40
10/26/2017,0,0,0,156,1799,0,40
10/27/2017,0,0,0,157,1801,0,40
10/28/2017,0,0,0,157,1803,0,40
10/29/2017,0,0,0,155,1804,0,40
10/30/2017,0,0,0,147,1805,0,40
10/31/2017,0,0,0,143,1806,0,40
11/1/2017,0,0,0,142,1807,0,40
11/2/2017,0,0,0,0,0,0,40
11/3/2017,0,0,0,0,0,0,40
11/4/2017,0,0,0,0,0,0,40
11/5/2017,0,0,0,0,0,0,40
11/6/2017,3,0,0,0,0,0,40
11/7/2017,204,1033,0,0,0,0,40
11/8/2017,215,1103,0,0,0,0,43
11/9/2017,204,1093,0,0,0,0,42
11/10/2017,333,1244,0,293,1713,800,42
11/11/2017,347,1282,0,286,1713,800,42
11/12/2017,372,1323,0,286,1712,800,42
11/13/2017,336,1369,0,290,1712,800,42
11/14/2017,342,1223,0,287,1710,800,42
11/15/2017,343,1324,0,286,1709,800,0
11/16/2017,340,1192,0,287,1710,800,0
11/17/2017,339,1169,0,282,1707,800,0
11/18/2017,335,1048,0,287,1706,800,0
11/19/2017,334,1088,0,299,1707,800,0
11/20/2017,335,1166,0,292,1704,800,0
11/21/2017,339,1280,0,295,1705,800,0
11/22/2017,337,1372,0,288,1704,800,0
11/23/2017,338,1257,0,287,1704,800,0
11/24/2017,347,1261,0,0,0,800,0
11/25/2017,345,1255,0,0,0,800,0
11/26/2017,381,1269,0,0,0,800,0
11/27/2017,381,1276,0,0,0,800,0
11/28/2017,343,1362,0,0,0,800,0
11/29/2017,343,1377,0,0,0,800,0
11/30/2017,353,1401,90,0,0,800,0
12/1/2017,430,1417,0,0,0,800,0
12/2/2017,433,1450,0,0,0,800,0
12/3/2017,440,1475,0,0,0,800,0
12/4/2017,430,1446,0,0,0,800,0
12/5/2017,429,1439,0,0,0,800,0
12/6/2017,435,1464,0,0,0,800,0
12/7/2017,431,1436,0,301,1700,800,0
12/8/2017,437,1440,0,291,1699,800,0
12/9/2017,435,1399,0,292,1698,800,0
12/10/2017,442,1397,0,299,1699,800,0
12/11/2017,438,1417,0,292,1698,800,0
12/12/2017,435,1403,0,291,1697,800,0
12/13/2017,432,1475,0,299,1698,800,0
12/14/2017,431,1483,0,289,1697,800,0
12/15/2017,427,1492,0,290,1697,800,0
12/16/2017,422,1459,0,301,1697,800,0
12/17/2017,421,1440,0,290,1696,800,0
12/18/2017,421,1407,0,292,1695,800,0
12/19/2017,421,1398,0,302,1695,800,0
12/20/2017,420,1400,0,295,1694,800,0
12/21/2017,440,1775,0,306,1695,800,0
12/22/2017,443,1714,0,294,1693,800,0
12/23/2017,445,1708,0,296,1694,800,0
12/24/2017,445,1671,0,308,1696,800,0
12/25/2017,447,1687,0,299,1694,800,0
12/26/2017,459,1538,0,310,1695,800,0
12/27/2017,459,1546,0,301,1694,800,0
12/28/2017,459,1530,0,302,1693,800,0
12/29/2017,453,1544,0,308,1694,800,0
12/30/2017,462,1594,0,301,1693,800,0
12/31/2017,461,1577,0,311,1693,800,0
1/1/2018,468,1590,0,302,1692,800,0
1/2/2018,455,1565,0,304,1693,800,0
1/3/2018,450,1461,0,315,1693,800,0
1/4/2018,451,1477,0,308,1692,800,0
1/5/2018,424,1500,0,317,1693,800,0
1/6/2018,421,1470,0,305,1692,800,0
1/7/2018,420,1467,0,305,1691,800,0
1/8/2018,419,1466,0,317,1692,800,0
1/9/2018,416,1445,0,0,0,800,0
1/10/2018,442,1395,0,0,0,800,0
1/11/2018,439,1361,0,0,0,800,0
1/12/2018,325,1670,0,0,0,800,0
1/13/2018,330,1687,0,299,1703,800,0
1/14/2018,325,1663,0,300,1710,800,0
1/15/2018,296,3053,0,323,1699,800,0
1/16/2018,296,1613,0,308,1696,800,0
1/17/2018,299,1639,0,319,1701,800,0
1/18/2018,300,1661,0,318,1696,800,0
1/19/2018,299,1654,0,331,1696,800,0
1/20/2018,300,1673,0,318,1694,800,0
1/21/2018,298,1686,0,332,1695,800,0
1/22/2018,295,1691,0,323,1694,800,0
1/23/2018,297,1680,0,323,1693,800,0
1/24/2018,132,398,0,358,1737,0,0
1/25/2018,80,301,0,218,1762,0,0
1/26/2018,80,300,0,216,1762,0,0
1/27/2018,80,303,0,216,1763,0,0
1/28/2018,101,382,0,216,1763,0,0
1/29/2018,78,302,0,215,1763,0,0
1/30/2018,78,301,0,220,1765,300,0
1/31/2018,538,1095,0,317,1767,800,0
2/1/2018,410,1373,0,314,1711,500,0
2/2/2018,429,1257,0,306,1706,500,0
2/3/2018,428,1276,0,284,1705,500,0
2/4/2018,435,1291,0,291,1704,500,0
2/5/2018,438,1295,0,295,1707,500,0
2/6/2018,386,1076,0,286,1717,500,0
2/7/2018,628,1296,0,297,1712,500,0
2/8/2018,627,1326,0,296,1711,500,0
2/9/2018,538,1265,0,285,1711,500,0
2/10/2018,475,1510,0,327,1712,500,0
2/11/2018,498,1676,0,308,1707,500,0
2/12/2018,390,1473,0,302,1709,500,0
2/13/2018,389,1498,0,296,1703,500,0
2/14/2018,389,1504,0,309,1702,500,0
2/15/2018,383,1659,0,309,1701,500,0
2/16/2018,383,1714,0,298,1700,500,0
2/17/2018,385,1722,0,287,1700,500,0
2/18/2018,384,1715,0,310,1700,500,0
2/19/2018,382,1663,0,318,1698,500,0
2/20/2018,411,1659,0,313,1698,500,0
2/21/2018,409,1658,0,322,1697,500,0
2/22/2018,406,1670,0,319,1697,500,0
2/23/2018,463,1537,0,300,1697,500,0
2/24/2018,402,1564,0,302,1697,500,0
2/25/2018,403,1571,0,295,1705,500,0
2/26/2018,373,1543,0,310,1702,500,0
2/27/2018,398,1632,0,328,1698,500,0
2/28/2018,395,1599,0,316,1697,500,0
3/1/2018,407,1662,0,310,1697,500,0
3/2/2018,478,1547,0,313,1697,500,0
3/3/2018,480,1521,0,312,1697,500,0
3/4/2018,442,1556,0,312,1697,500,0
3/5/2018,427,1523,0,309,1695,500,0
3/6/2018,420,1539,0,311,1696,500,0
3/7/2018,434,1542,0,312,1696,500,0
3/8/2018,436,1568,0,308,1695,500,0
3/9/2018,346,1661,0,306,1696,500,0
3/10/2018,342,1582,0,299,1705,500,0
3/11/2018,348,1707,0,319,1697,500,0
3/12/2018,349,1752,0,312,1696,500,0
3/13/2018,343,1726,0,316,1696,500,0
3/14/2018,342,1822,0,320,1695,500,0
3/15/2018,338,1834,0,314,1695,500,0
3/16/2018,332,1625,0,308,1694,500,0
3/17/2018,310,1581,0,309,1694,500,0
3/18/2018,315,1747,0,310,1694,500,0
3/19/2018,308,1586,0,307,1693,500,0
3/20/2018,313,1630,0,304,1693,500,0
3/21/2018,327,1642,0,309,1693,500,0
3/22/2018,323,1598,0,289,1703,500,0
3/23/2018,328,1613,0,310,1696,500,0
3/24/2018,321,1584,0,305,1694,500,0
3/25/2018,326,1594,0,306,1694,500,0
3/26/2018,324,1607,0,0,0,500,0
3/27/2018,328,1615,0,0,0,500,0
3/28/2018,327,1625,0,0,0,500,0
3/29/2018,326,1605,0,306,1693,500,0
3/30/2018,325,1584,0,305,1693,500,0
3/31/2018,327,1591,0,308,1693,500,0
4/1/2018,339,1512,0,308,1692,500,0
4/2/2018,335,1547,0,303,1692,500,0
4/3/2018,323,1504,0,304,1704,500,0
4/4/2018,313,1527,0,292,1696,500,0
4/5/2018,320,1265,0,291,1696,500,0
4/6/2018,320,1259,0,291,1695,500,0
4/7/2018,322,1261,0,295,1695,500,0
4/8/2018,322,1268,0,289,1695,500,0
4/9/2018,320,1292,0,285,1695,500,0
4/10/2018,321,1293,0,286,1695,500,0
4/11/2018,320,1291,0,285,1695,500,0
4/12/2018,330,1327,0,286,1695,500,0
4/13/2018,329,1329,0,286,1695,500,0
4/14/2018,328,1346,0,286,1695,500,0
4/15/2018,325,1349,0,286,1695,500,0
4/16/2018,326,1344,0,287,1694,500,0
4/17/2018,328,1314,0,285,1694,500,0
4/18/2018,328,1303,0,292,1694,500,0
4/19/2018,332,1308,0,284,1694,500,0
4/20/2018,330,1297,0,285,1694,500,0
4/21/2018,327,1317,0,283,1694,500,0
4/22/2018,326,1306,0,283,1694,500,0
4/23/2018,331,1315,0,282,1693,500,0
4/24/2018,364,1279,0,284,1693,500,0
4/25/2018,312,1343,0,285,1693,500,0
4/26/2018,320,1275,0,284,1693,500,0
4/27/2018,317,1265,0,282,1693,500,0
4/28/2018,306,1324,0,282,1693,500,0
4/29/2018,310,1317,0,284,1693,500,0
4/30/2018,311,1269,0,285,1693,500,0
5/1/2018,307,1275,0,282,1693,500,0
5/2/2018,339,1246,0,286,1693,500,0
5/3/2018,316,1451,0,285,1694,500,0
5/4/2018,298,1458,0,285,1705,500,0
5/5/2018,294,1407,0,281,1698,500,0
5/6/2018,297,1436,0,285,1697,500,0
5/7/2018,301,1472,0,289,1695,500,0
5/8/2018,297,1478,0,288,1695,500,0
5/9/2018,290,1441,0,287,1695,500,0
5/10/2018,318,1457,0,289,1694,500,0
5/11/2018,318,1368,0,295,1694,500,0
5/12/2018,317,1364,0,298,1694,500,0
5/13/2018,318,1379,0,291,1693,500,0
5/14/2018,317,1401,0,288,1693,500,0
5/15/2018,319,1405,0,298,1694,500,0
5/16/2018,319,1395,0,294,1694,500,0
5/17/2018,320,1403,0,296,1694,500,0
5/18/2018,323,1385,0,298,1694,500,0
5/19/2018,318,1402,0,297,1695,500,0
5/20/2018,255,1186,0,320,1707,500,0
5/21/2018,253,1204,0,298,1717,500,0
5/22/2018,287,2455,0,290,1699,500,0
5/23/2018,291,1452,0,287,1698,500,0
5/24/2018,286,1408,0,289,1697,500,0
5/25/2018,285,1394,0,288,1697,500,0
5/26/2018,269,1449,0,289,1696,500,0
5/27/2018,314,1444,0,300,1696,500,0
5/28/2018,323,1436,0,303,1694,500,0
5/29/2018,307,1479,0,267,1696,500,0
5/30/2018,312,1550,0,311,1696,500,0
5/31/2018,311,1527,0,307,1697,500,0
6/1/2018,313,1549,0,317,1696,500,0
6/2/2018,304,1513,0,288,1700,500,0
6/3/2018,313,1548,0,291,1700,500,0
6/4/2018,303,1488,0,319,1701,500,0
6/5/2018,306,1409,0,294,1701,500,0
6/6/2018,305,1472,0,315,1699,500,0
6/7/2018,305,1481,0,296,1705,500,0
6/8/2018,367,1470,0,310,1699,500,0
6/9/2018,374,1496,0,315,1697,500,0
6/10/2018,308,1489,0,331,1695,500,0
6/11/2018,282,1571,0,310,1695,500,0
6/12/2018,298,1580,0,320,1693,500,0
6/13/2018,323,1595,0,318,1694,500,0
6/14/2018,318,1569,0,303,1694,500,0
6/15/2018,300,1600,0,298,1694,500,0
6/16/2018,306,1619,0,297,1696,500,0
6/17/2018,304,1507,0,260,1693,500,0
6/18/2018,304,1505,0,308,1695,500,0
6/19/2018,304,1535,0,321,1694,500,0
6/20/2018,301,1549,0,316,1693,600,0
6/21/2018,303,1577,0,314,1693,600,0
6/22/2018,297,1534,0,250,1693,600,0
6/23/2018,297,1548,0,274,1694,600,0
6/24/2018,314,1526,0,321,1693,600,0
6/25/2018,314,1496,0,279,1694,600,0
6/26/2018,313,1519,0,278,1692,600,0
6/27/2018,317,1562,0,277,1688,600,0
6/28/2018,324,1537,0,322,1693,600,0
6/29/2018,324,1558,0,316,1692,600,0
6/30/2018,317,1515,0,272,1693,600,0
7/1/2018,321,1566,0,300,1692,600,0
7/2/2018,322,1570,0,287,1692,500,0
7/3/2018,319,1550,0,313,1693,500,0
7/4/2018,288,1622,0,315,1695,500,0
7/5/2018,289,1632,0,362,1697,500,0
7/6/2018,285,1575,0,359,1696,500,0
7/7/2018,281,1557,0,289,1695,500,0
7/8/2018,279,1551,0,320,1696,500,0
7/9/2018,270,1531,0,342,1695,500,0
7/10/2018,274,1544,0,322,1698,500,0
7/11/2018,279,1574,0,378,1698,500,0
7/12/2018,275,1566,0,322,1696,500,0
7/13/2018,273,1551,0,313,1694,500,0
7/14/2018,274,1548,0,293,1696,500,0
7/15/2018,303,1467,0,317,1696,500,0
7/16/2018,304,1489,0,329,1695,500,0
7/17/2018,300,1481,0,342,1695,500,0
7/18/2018,304,1499,0,331,1696,500,0
7/19/2018,317,1449,0,339,1695,500,0
7/20/2018,319,1450,0,304,1695,500,0
7/21/2018,342,1457,0,332,1695,500,0
7/22/2018,325,1471,0,340,1694,500,0
7/23/2018,325,1448,0,344,1695,500,0
7/24/2018,309,1490,0,285,1692,500,0
7/25/2018,311,1515,0,321,1693,500,0
7/26/2018,310,1507,0,299,1693,500,0
7/27/2018,312,1518,0,301,1692,500,0
7/28/2018,315,1512,0,290,1692,500,0
7/29/2018,313,1538,0,283,1692,500,0
7/30/2018,313,1560,0,288,1692,500,0
7/31/2018,309,1506,0,269,1694,500,0
8/1/2018,310,1515,0,317,1691,500,0
8/2/2018,312,1524,0,288,1692,500,0
8/3/2018,309,1504,0,320,1695,500,0
8/4/2018,304,1470,0,296,1692,500,0
8/5/2018,301,1452,0,305,1692,500,0
8/6/2018,294,1417,0,308,1707,500,0
8/7/2018,269,1445,0,301,1695,500,0
8/8/2018,297,1447,0,268,1696,500,0
8/9/2018,307,1316,0,304,1705,500,0
